"BudgetMs","File","Threads","ExitCode","PipelineLines"
"20000","C:\Users\Asus\Desktop\GDContestAI2\data\Automatic-1.json","1","0","[PIPELINE][budgets] input 0 initial_fdl_budget_ms=7497 final_lahc_budget_ms=9431 final_sa_budget_ms=5306 final_polish_budget_ms=250 planned_total_ms=22484 || [PIPELINE][summary] input 0 initial_fdl_ms=5 final_lahc_ms=9431 final_sa_ms=5306 final_polish_ms=48 final_k=12 final_crossings=484 final_lp=436448 saturated=0 budget_share_fdl=0.000338066 budget_share_lahc=0.637661 budget_share_sa=0.358756 budget_share_polish=0.00324544"
"20000","C:\Users\Asus\Desktop\GDContestAI2\data\Automatic-2.json","1","0","[PIPELINE][budgets] input 0 initial_fdl_budget_ms=7497 final_lahc_budget_ms=9421 final_sa_budget_ms=5300 final_polish_budget_ms=250 planned_total_ms=22468 || [PIPELINE][summary] input 0 initial_fdl_ms=18 final_lahc_ms=9421 final_sa_ms=5300 final_polish_ms=59 final_k=5 final_crossings=150 final_lp=5106 saturated=0 budget_share_fdl=0.00121638 budget_share_lahc=0.63664 budget_share_sa=0.358157 budget_share_polish=0.00398703"
"20000","C:\Users\Asus\Desktop\GDContestAI2\data\Automatic-3.json","1","0","[PIPELINE][budgets] input 0 initial_fdl_budget_ms=7497 final_lahc_budget_ms=9413 final_sa_budget_ms=5296 final_polish_budget_ms=250 planned_total_ms=22456 || [PIPELINE][summary] input 0 initial_fdl_ms=25 final_lahc_ms=9413 final_sa_ms=5296 final_polish_ms=252 final_k=92 final_crossings=5868 final_lp=1484304592 saturated=0 budget_share_fdl=0.00166822 budget_share_lahc=0.62812 budget_share_sa=0.353397 budget_share_polish=0.0168157"
"20000","C:\Users\Asus\Desktop\GDContestAI2\data\Automatic-4.json","1","0","[PIPELINE][budgets] input 0 initial_fdl_budget_ms=7497 final_lahc_budget_ms=9399 final_sa_budget_ms=5288 final_polish_budget_ms=250 planned_total_ms=22434 || [PIPELINE][summary] input 0 initial_fdl_ms=47 final_lahc_ms=9399 final_sa_ms=5288 final_polish_ms=125 final_k=11 final_crossings=950 final_lp=641702 saturated=0 budget_share_fdl=0.00316307 budget_share_lahc=0.632546 budget_share_sa=0.355879 budget_share_polish=0.00841241"
"20000","C:\Users\Asus\Desktop\GDContestAI2\data\Automatic-5.json","1","0","[PIPELINE][budgets] input 0 initial_fdl_budget_ms=7497 final_lahc_budget_ms=9078 final_sa_budget_ms=5107 final_polish_budget_ms=250 planned_total_ms=21932 || [PIPELINE][summary] input 0 initial_fdl_ms=337 final_lahc_ms=9078 final_sa_ms=5107 final_polish_ms=251 final_k=160 final_crossings=50600 final_lp=724603764 saturated=0 budget_share_fdl=0.0228119 budget_share_lahc=0.614499 budget_share_sa=0.345698 budget_share_polish=0.0169905"
"20000","C:\Users\Asus\Desktop\GDContestAI2\data\Automatic-6.json","1","0","[PIPELINE][budgets] input 0 initial_fdl_budget_ms=7280 final_lahc_budget_ms=8476 final_sa_budget_ms=4769 final_polish_budget_ms=0 planned_total_ms=20525 || [PIPELINE][summary] input 0 initial_fdl_ms=693 final_lahc_ms=8476 final_sa_ms=4769 final_polish_ms=0 final_k=1221 final_crossings=705090 final_lp=6332200289046 saturated=0 budget_share_fdl=0.0497202 budget_share_lahc=0.608122 budget_share_sa=0.342158 budget_share_polish=0"
"20000","C:\Users\Asus\Desktop\GDContestAI2\data\Automatic-7.json","1","0","[PIPELINE][budgets] input 0 initial_fdl_budget_ms=7286 final_lahc_budget_ms=8783 final_sa_budget_ms=4941 final_polish_budget_ms=250 planned_total_ms=21260 || [PIPELINE][summary] input 0 initial_fdl_ms=461 final_lahc_ms=8783 final_sa_ms=4941 final_polish_ms=252 final_k=137 final_crossings=25358 final_lp=860535813 saturated=0 budget_share_fdl=0.0319318 budget_share_lahc=0.608367 budget_share_sa=0.342246 budget_share_polish=0.0174551"
"20000","C:\Users\Asus\Desktop\GDContestAI2\data\Automatic-9.json","1","0","[PIPELINE][budgets] input 0 initial_fdl_budget_ms=1000 final_lahc_budget_ms=7381 final_sa_budget_ms=4153 final_polish_budget_ms=0 planned_total_ms=12534 || [PIPELINE][summary] input 0 initial_fdl_ms=1365 final_lahc_ms=7382 final_sa_ms=4152 final_polish_ms=0 final_k=988 final_crossings=554520 final_lp=119792878406 saturated=0 budget_share_fdl=0.105822 budget_share_lahc=0.572292 budget_share_sa=0.321885 budget_share_polish=0"
"20000","C:\Users\Asus\Desktop\GDContestAI2\data\Automatic-8.json","1","0","[PIPELINE][budgets] input 0 initial_fdl_budget_ms=1000 final_lahc_budget_ms=7710 final_sa_budget_ms=4338 final_polish_budget_ms=0 planned_total_ms=13048 || [PIPELINE][summary] input 0 initial_fdl_ms=1669 final_lahc_ms=7710 final_sa_ms=4337 final_polish_ms=0 final_k=10021 final_crossings=45672407 final_lp=166644280621093 saturated=0 budget_share_fdl=0.121683 budget_share_lahc=0.562117 budget_share_sa=0.3162 budget_share_polish=0"
